Symbol,Close,Open,Low,High,Average Price,Volume,Value,Market Cap,Previous Close,Trades,Net Foreign,Sector,Subsector,52-Week High,Earnings Per Share TTM (EPS),Price to Book Value (P/BV),52-Week Low,Price-Earnings Ratio TTM (P/E),Return on Equity (ROE),Fair Value,Dividends Per Share (DPS),Support 1,Resistance 1,Short-Term Trend,Support 2,Resistance 2,Medium-Term Trend,Week to Date %,Year to Date %,Month to Date %,MA 20,MA 20 status,MA 50,MA 50 status,MA 100,MA 100 status,MA 200,MA 200 status,RSI(14),MACD(12 26 9),ATR(14),CCI(20),STS(14 3 3),Williams %R(14),VolumeSMA(15),CandleStick(1),RVol,RvolIndicator,AOTS,Reversal
DITO,13.02,11.40,11.40,13.08,12.19,129110000,1570000000,36460000000,10.90,22490,0,Service,Information Technology,13.08,-0.01 (95.00%),7.84,1.00,-1168.00,2.02%,-,-,8.16,13.05,UPTREND,6.29,13.05,UPTREND,19.45%,19.45%,19.45%,8.03,BULLISH,7.00,BULLISH,5.32,BULLISH,3.81,BULLISH,92.10,1.1336 0.6724,0.6541 (5.02%),296.0792,94.2149,-0.9983,82465353.33,White Long Day,1.54,No,Yes,No
MM,7.99,6.60,6.60,8.00,7.32,127130000,930190000,60680000000,6.18,17890,0,Small Medium & Emerging Board,Small Medium & Emerging Board,8.00,0.01 (-100.00%),27.48,1.28,687.00,0.82%,-,-,5.86,8.00,UPTREND,5.36,8.00,UPTREND,29.29%,29.29%,29.29%,6.07,BULLISH,4.92,BULLISH,3.96,BULLISH,0.00,NEUTRAL,81.57,0.4484 0.3913,0.4063 (5.08%),517.9145,64.5407,-0.4255,36584513.33,White Long Day,3.11,Yes,Yes,No
ACEN,10.20,9.15,9.15,10.20,9.82,67710000,664760000,139660000000,9.00,12280,0,Industrial,Electricity Energy Power & Water,10.20,0.35 (369.23%),5.34,1.39,27.49,18.14%,-,-,7.10,10.20,UPTREND,6.02,10.20,UPTREND,13.33%,13.33%,13.33%,6.85,BULLISH,5.33,BULLISH,4.13,BULLISH,3.14,BULLISH,91.19,0.9511 0.6735,0.4660 (4.57%),283.9313,98.5475,0.0000,33054593.33,White Marubozu,1.84,No,Yes,No
SMPH,39.25,38.50,38.45,40.40,39.53,12520000,495010000,1130000000000,38.50,3870,0,Property,Property,43.00,0.86 (-31.75%),3.68,19.90,44.77,6.06%,-,-,37.90,39.82,UPTREND,35.50,41.88,UPTREND,1.95%,1.95%,1.95%,38.28,BULLISH,36.35,BULLISH,32.83,BULLISH,31.89,BULLISH,59.18,0.6302 0.7291,1.2378 (3.15%),182.1899,55.6900,-37.0968,11951260.00,None,0.93,No,Yes,No
BDO,105.00,106.90,104.70,108.00,105.85,4360000,460980000,460340000000,106.80,7060,0,Financial,Banks,158.60,6.47 (-34.11%),1.26,75.00,16.54,7.64%,-,-,104.00,108.65,UPTREND,92.40,115.40,UPTREND,-1.69%,-1.69%,-1.69%,108.72,BEARISH,100.42,BULLISH,94.57,BULLISH,97.74,BULLISH,47.67,1.7058 3.0594,3.1521 (3.00%),-61.6976,16.2465,-87.3950,3930776.00,None,1.02,No,Yes,No
PHA,1.32,1.17,1.14,1.34,1.25,328060000,411020000,2980000000,1.10,8350,0,Service,Other Services,1.34,0.10 (138.46%),4.03,0.17,11.70,-18.85%,-,-,0.98,1.33,UPTREND,0.68,1.43,UPTREND,20.00%,20.00%,20.00%,0.94,BULLISH,0.62,BULLISH,0.42,BULLISH,0.32,BULLISH,75.75,0.1500 0.1425,0.1057 (8.01%),148.2318,73.7675,-3.2258,198186600.00,White Long Day,1.35,No,Yes,No
APL,0.1630,0.1380,0.1330,0.1630,0.1470,2650000000,389260000,45690000000,0.1280,6530,0,Service,Information Technology,0.1630,0.00 (0.00%),13.80,0.0320,0.00,-0.60%,-,-,0.0945,0.1630,UPTREND,0.0510,0.1630,UPTREND,27.34%,27.34%,27.34%,0.0844,BULLISH,0.0656,BULLISH,0.0604,BULLISH,0.0531,BULLISH,95.99,0.0200 0.0126,0.0113 (6.94%),206.0202,89.0353,0.0000,1597139333.3333,White Long Day,1.43,No,Yes,No
RLC,21.25,21.00,20.60,21.30,20.95,14960000,313330000,110370000000,21.20,793,0,Property,Property,29.40,1.30 (-15.58%),1.07,10.00,16.12,5.01%,-,-,20.48,21.32,UPTREND,16.57,22.38,UPTREND,0.24%,0.24%,0.24%,20.14,BULLISH,17.60,BULLISH,16.08,BULLISH,16.11,BULLISH,68.28,1.1004 1.1948,0.8712 (4.10%),60.3980,74.4899,-21.6606,8182820.00,None,1.71,No,Yes,No
TEL,1363.00,1359.00,1356.00,1393.00,1376.97,183700,252950000,294480000000,1340.00,2700,0,Service,Telecommunications,1487.00,121.12 (40.71%),2.60,805.00,11.31,23.07%,-,-,1326.00,1378.00,SIDEWAYS,1271.50,1432.00,SIDEWAYS,1.72%,1.72%,1.72%,1345.10,BULLISH,1347.32,BULLISH,1365.76,BEARISH,1281.24,BULLISH,53.51,-0.8751 -2.3077,29.4352 (2.16%),133.0415,46.7429,-40.5405,169871.00,None,1.02,No,No,No
MBT,47.95,49.00,47.60,49.05,48.13,5110000,246010000,215650000000,49.05,4370,0,Financial,Banks,67.00,3.90 (-34.67%),0.69,32.90,12.54,7.35%,-,-,47.78,51.00,DOWNTREND,46.22,56.42,UPTREND,-2.24%,-2.24%,-2.24%,50.01,BEARISH,46.10,BULLISH,41.04,BULLISH,39.75,BULLISH,46.49,0.8925 1.4238,1.3375 (2.79%),-118.5094,17.4575,-92.2222,8832459.33,Black Long Day,0.57,No,Yes,No
ALI,42.00,40.80,40.65,42.00,41.48,5280000,219120000,618680000000,40.90,3370,0,Property,Property,45.05,0.57 (-72.73%),2.36,19.44,71.58,3.72%,-,-,40.68,42.05,UPTREND,37.00,43.90,UPTREND,2.69%,2.69%,2.69%,40.81,BULLISH,37.39,BULLISH,34.01,BULLISH,33.55,BULLISH,63.85,1.2038 1.3857,1.2647 (3.01%),64.7607,84.5070,-2.8169,8672866.67,White Long Day,0.59,No,Yes,No
SM,1060.00,1055.00,1046.00,1068.00,1060.11,208000,220500000,1280000000000,1049.00,2320,0,Holding Firms,Holding Firms,1100.00,22.19 (-39.21%),3.23,509.50,47.18,6.22%,-,-,1045.50,1077.50,UPTREND,967.50,1100.00,UPTREND,1.05%,1.05%,1.05%,1051.20,BULLISH,1009.45,BULLISH,945.27,BULLISH,910.15,BULLISH,53.99,14.9276 18.8364,33.6434 (3.17%),37.1525,41.8700,-53.8462,263146.33,None,0.76,No,Yes,No
GTCAP,595.00,588.00,583.00,604.00,592.97,309180,183330000,128090000000,585.00,2200,0,Holding Firms,Holding Firms,878.00,37.36 (-52.21%),0.77,290.00,16.06,2.88%,-,-,579.75,603.25,DOWNTREND,525.00,671.25,UPTREND,1.71%,1.71%,1.71%,626.33,BEARISH,544.15,BULLISH,471.25,BULLISH,462.11,BULLISH,49.82,11.0538 23.9234,21.3689 (3.59%),-85.1455,8.9474,-82.6316,299938.00,None,0.95,No,Yes,No
NOW,4.24,4.33,3.96,4.55,4.13,40280000,166270000,7660000000,4.33,4140,0,Service,Information Technology,6.39,0.00 (0.00%),3.51,1.00,0.00,0.71%,-,-,4.10,5.06,SIDEWAYS,3.92,5.42,SIDEWAYS,-2.08%,-2.08%,-2.08%,4.72,BEARISH,4.64,BEARISH,3.70,BULLISH,2.76,BULLISH,40.64,0.0147 0.0825,0.2942 (6.94%),-204.7650,15.1459,-77.9528,17955893.33,None,2.05,Yes,Yes,No
MEG,4.18,4.07,4.00,4.18,4.11,36280000,149250000,133350000000,4.08,2040,0,Property,Property,4.45,0.38 (-25.49%),0.70,1.86,10.68,5.78%,-,-,3.90,4.22,UPTREND,3.76,4.38,UPTREND,2.45%,2.45%,2.45%,4.00,BULLISH,3.61,BULLISH,3.30,BULLISH,3.09,BULLISH,65.18,0.1200 0.1380,0.1317 (3.15%),152.4232,71.1111,0.0000,25578066.67,None,1.28,No,Yes,No
BPI,82.40,81.40,81.00,82.40,81.74,1760000,143630000,371880000000,81.35,2500,0,Financial,Banks,92.00,5.31 (-14.77%),1.31,48.00,15.44,8.42%,-,-,81.02,82.95,SIDEWAYS,76.90,86.58,UPTREND,1.29%,1.29%,1.29%,82.38,BULLISH,79.67,BULLISH,72.20,BULLISH,69.09,BULLISH,52.44,0.3699 0.8282,2.0622 (2.50%),-51.1068,19.8413,-53.3333,2664078.67,White Long Day,0.65,No,Yes,No
MRC,0.62,0.62,0.59,0.63,0.61,219100000,134650000,5280000000,0.59,2960,0,Property,Property,0.72,0.00 (0.00%),30.50,0.1050,0.00,-13.51%,-,-,0.54,0.64,UPTREND,0.48,0.68,UPTREND,5.08%,5.08%,5.08%,0.56,BULLISH,0.47,BULLISH,0.35,BULLISH,0.25,BULLISH,62.09,0.0411 0.0422,0.0527 (8.51%),95.2835,47.2222,-41.6667,190021000.00,Doji,0.97,No,Yes,No
URC,152.20,152.50,149.70,153.30,152.27,888470,135290000,335470000000,152.50,3100,0,Industrial,Food Beverage & Tobacco,163.40,4.66 (9.39%),3.69,82.00,32.40,10.73%,-,-,148.50,154.05,UPTREND,141.60,160.90,UPTREND,-0.20%,-0.20%,-0.20%,150.74,BULLISH,145.70,BULLISH,141.65,BULLISH,132.59,BULLISH,52.70,2.0602 2.5871,4.5122 (2.96%),20.6952,41.6090,-60.4167,1175498.00,Spinning Top,0.71,No,Yes,No
AC,836.00,827.00,823.00,837.50,831.06,161610,134310000,524520000000,827.00,1950,0,Holding Firms,Holding Firms,870.00,27.64 (-66.08%),1.66,360.00,29.87,4.26%,-,-,813.00,838.00,DOWNTREND,778.75,865.50,UPTREND,1.09%,1.09%,1.09%,838.75,BEARISH,807.26,BULLISH,761.22,BULLISH,710.41,BULLISH,52.44,3.9461 8.2649,20.1981 (2.42%),-42.8159,0.0000,-57.0093,301880.00,None,0.55,No,Yes,No
JGS,71.25,71.60,70.95,73.90,72.27,1780000,128479999,535870000000,71.60,3210,0,Holding Firms,Holding Firms,78.04,0.02 (-99.32%),1.64,26.66,3555.00,0.44%,-,-,70.28,72.95,UPTREND,65.38,78.02,UPTREND,-0.49%,-0.49%,-0.49%,70.57,BULLISH,68.27,BULLISH,63.74,BULLISH,59.14,BULLISH,52.56,0.6982 0.7756,2.4167 (3.39%),85.5975,59.0343,-44.9153,1502939.33,None,1.18,No,Yes,No
JFC,194.40,195.20,194.00,195.20,194.45,625440,121610000,215340000000,195.20,4030,0,Industrial,Food Beverage & Tobacco,217.00,-10.25 (-277.64%),3.23,91.10,-19.02,-24.44%,-,-,193.00,199.45,DOWNTREND,187.35,210.80,UPTREND,-0.41%,-0.41%,-0.41%,202.01,BEARISH,189.30,BULLISH,163.60,BULLISH,148.86,BULLISH,45.70,1.8270 4.3623,4.1413 (2.13%),-87.7224,8.7432,-90.7104,772216.00,Black Long Day,0.74,No,Yes,No
DD,15.66,15.00,14.96,15.66,15.43,6280000,96950000,37080000000,14.90,1510,0,Property,Property,22.20,4.03 (75.98%),1.52,11.00,3.77,11.73%,-,-,14.80,16.14,UPTREND,14.19,16.66,UPTREND,5.10%,5.10%,5.10%,15.32,BULLISH,14.71,BULLISH,14.74,BULLISH,15.72,BEARISH,55.15,0.2336 0.2937,0.5726 (3.66%),17.7271,0.0000,-57.0000,4360326.67,White Long Day,1.27,No,Buy in Tranches,Buy in tranches
PGOLD,41.05,41.10,41.00,41.90,41.17,2260000,93120000,118400000000,41.00,1440,0,Service,Retail,54.00,2.53 (14.48%),1.76,26.00,16.21,10.01%,-,-,40.38,41.70,DOWNTREND,37.68,43.02,SIDEWAYS,0.12%,0.12%,0.12%,41.56,BEARISH,42.11,BEARISH,45.72,BEARISH,44.70,BEARISH,43.68,-0.5117 -0.5234,0.9420 (2.29%),-37.5725,35.1190,-69.6429,3014206.67,Shooting Star,0.65,No,No,No
AGI,10.34,10.56,10.22,10.60,10.41,8650000,90030000,100370000000,10.60,1550,0,Holding Firms,Holding Firms,11.30,1.47 (-40.49%),0.35,5.30,7.20,7.05%,-,-,10.27,11.08,UPTREND,9.58,11.71,UPTREND,-2.45%,-2.45%,-2.45%,10.52,BEARISH,9.31,BULLISH,7.92,BULLISH,7.33,BULLISH,52.99,0.3989 0.5038,0.3614 (3.50%),-19.8410,44.5283,-84.7826,7893013.33,None,1.23,No,Yes,No
FNI,2.96,2.80,2.79,2.97,2.92,27800000,81100000,16180000000,2.72,2170,0,Mining And Oil,Mining,2.97,0.37 (184.62%),1.67,0.4550,7.57,26.79%,-,-,2.44,2.96,UPTREND,2.03,2.96,UPTREND,8.82%,8.82%,8.82%,2.49,BULLISH,1.90,BULLISH,1.55,BULLISH,1.18,BULLISH,80.18,0.2414 0.2444,0.1479 (5.00%),148.2456,86.7491,-1.3514,21445933.33,White Long Day,1.11,No,Yes,No
ICT,126.00,124.50,123.50,127.00,125.33,637590,79910000,257390000000,123.50,1740,0,Service,Transporation Services,135.00,0.9698 (-77.78%),2.85,61.85,128.17,16.29%,-,-,121.05,126.50,UPTREND,115.95,132.65,SIDEWAYS,2.02%,2.02%,2.02%,122.81,BULLISH,121.70,BULLISH,114.70,BULLISH,102.10,BULLISH,56.25,0.6288 0.5975,3.5690 (2.83%),138.5555,59.1275,-13.1579,1407772.00,None,0.48,No,Yes,No
SECB,135.00,135.00,132.80,135.00,134.14,570380,76510000,101730000000,134.00,1220,0,Financial,Banks,192.00,12.03 (-7.10%),0.82,77.00,11.21,6.18%,-,-,130.75,139.05,UPTREND,120.00,149.15,UPTREND,0.75%,0.75%,0.75%,135.77,BEARISH,116.25,BULLISH,104.92,BULLISH,104.45,BULLISH,56.76,5.6343 7.5049,4.7355 (3.51%),-11.4469,28.4553,-70.7317,1239510.67,Dragonfly Doji,0.42,No,Yes,No
C,5.60,5.20,5.16,5.68,5.49,13630000,74800000,10200000000,5.21,2580,0,Service,Transporation Services,7.02,-1.90 (-512.90%),0.96,1.91,-2.74,-39.77%,-,-,4.94,5.64,DOWNTREND,4.70,6.12,SIDEWAYS,7.49%,7.49%,7.49%,5.40,BULLISH,5.53,BULLISH,4.68,BULLISH,3.95,BULLISH,55.64,-0.0390 -0.0346,0.2782 (4.97%),43.2194,53.8720,-21.2121,5763900.00,White Long Day,2.35,Yes,No,No
GLO,2018.00,2030.00,2018.00,2070.00,2042.43,37670,76940000,269269999999,2030.00,930,0,Service,Telecommunications,2300.00,149.27 (-5.24%),3.58,1590.00,13.60,23.47%,-,-,2010.00,2052.00,SIDEWAYS,1934.00,2128.00,SIDEWAYS,-0.59%,-0.59%,-0.59%,2027.50,BEARISH,2026.40,BEARISH,2060.36,BEARISH,2076.45,BEARISH,47.81,1.0740 2.4402,42.4950 (2.11%),32.1977,38.8889,-68.3333,60811.33,Shooting Star,0.57,No,Buy in Tranches,Buy in tranches
RRHI,64.80,66.45,64.80,66.45,65.19,1130000,73780000,101320000000,65.00,521,0,Service,Retail,80.00,2.24 (-33.73%),1.42,44.00,29.24,4.48%,-,-,64.78,66.40,DOWNTREND,61.70,69.15,SIDEWAYS,-0.31%,-0.31%,-0.31%,67.02,BEARISH,66.62,BEARISH,66.14,BEARISH,64.47,BULLISH,40.17,-0.4938 -0.1717,1.5174 (2.34%),-133.0900,0.0000,-100.0000,628770.00,Black Marubozu,1.69,No,Yes,No
MPI,4.26,4.30,4.20,4.30,4.24,16870000,71570000,130650000000,4.28,1550,0,Holding Firms,Holding Firms,4.58,0.54 (25.58%),0.71,2.28,7.94,4.94%,-,-,4.14,4.30,DOWNTREND,3.98,4.56,UPTREND,-0.47%,-0.47%,-0.47%,4.33,BEARISH,4.19,BULLISH,3.81,BULLISH,3.44,BULLISH,49.82,0.0214 0.0476,0.1232 (2.89%),-54.6636,37.6389,-60.0000,31602600.00,None,0.55,No,Yes,No
CEB,48.60,50.00,47.90,50.00,48.53,1470000,71210000,29180000000,50.50,2890,0,Service,Transporation Services,89.00,-20.59 (-256.10%),1.00,31.05,-2.42,-67.85%,-,-,48.25,53.60,UPTREND,46.00,57.80,UPTREND,-3.76%,-3.76%,-3.76%,51.18,BEARISH,46.01,BULLISH,41.73,BULLISH,43.33,BULLISH,46.83,1.3471 2.0205,2.5113 (5.17%),-100.9597,13.7131,-93.2692,1195670.67,Black Long Day,1.08,No,Yes,No
PHR,3.04,2.85,2.85,3.05,2.97,22890000,67940000,21070000000,2.81,1530,0,Service,Casinos & Gaming,5.14,-0.13 (-44.44%),3.25,1.66,-22.00,-9.30%,-,-,2.67,3.07,DOWNTREND,2.06,3.26,UPTREND,8.19%,8.19%,8.19%,3.02,BULLISH,2.90,BULLISH,2.57,BULLISH,2.91,BULLISH,52.74,0.0101 0.0454,0.1923 (6.32%),-36.3121,0.0000,-39.3443,15959066.67,White Long Day,1.29,No,Yes,Reversal soon
NIKL,5.68,5.60,5.60,5.80,5.73,10320000,59160000,77420000000,5.60,2100,0,Mining And Oil,Mining,5.80,0.17 (-15.00%),2.63,1.40,33.41,16.55%,-,-,5.02,5.74,UPTREND,4.54,5.74,UPTREND,1.43%,1.43%,1.43%,5.07,BULLISH,4.46,BULLISH,3.78,BULLISH,2.79,BULLISH,80.39,0.2948 0.2800,0.2052 (3.61%),188.8421,88.3861,-11.7647,12595453.33,None,0.81,No,Yes,No
BLOOM,8.34,8.12,8.04,8.38,8.15,6480000,52850000,91400000000,8.11,861,0,Service,Casinos & Gaming,11.14,-0.41 (-148.81%),2.55,4.03,-19.80,-24.15%,-,-,8.00,8.48,DOWNTREND,7.04,8.90,UPTREND,2.84%,2.84%,2.84%,8.55,BEARISH,8.18,BULLISH,7.42,BULLISH,6.91,BULLISH,47.98,0.0057 0.0878,0.2892 (3.47%),-119.6510,38.5526,-48.2353,3976166.67,None,1.6,No,Yes,No
MER,295.00,293.00,292.00,295.00,293.98,180930,53190000,332490000000,292.00,972,0,Industrial,Electricity Energy Power & Water,315.00,14.45 (-29.99%),4.21,189.70,20.35,20.03%,-,-,281.90,301.80,DOWNTREND,270.60,315.00,SIDEWAYS,1.03%,1.03%,1.03%,290.06,BULLISH,294.93,BULLISH,283.01,BULLISH,272.83,BULLISH,54.76,-1.9495 -2.4978,6.6997 (2.27%),42.5087,46.3636,-39.0909,348452.00,White Long Day,0.46,No,Buy in Tranches,No
CNVRG,15.08,14.90,14.54,15.08,14.84,3510000,52130000,113500000000,14.90,1260,0,Service,Information Technology,16.98,0.39 (44.44%),10.34,13.20,38.46,9.99%,-,-,14.72,15.51,DOWNTREND,14.22,16.09,NONE,1.21%,1.21%,1.21%,15.59,BEARISH,0.00,NEUTRAL,0.00,NEUTRAL,0.00,NEUTRAL,41.95,-0.0435 0.0888,0.4016 (2.66%),-199.7848,0.0000,-60.2941,4809113.33,Hammer,0.66,No,No,No
MWIDE,7.66,7.98,7.52,7.98,7.70,6670000,51360000,15420000000,7.94,1620,0,Industrial,Construction Infra. & Allied Services,16.80,-0.34 (-236.00%),1.81,4.54,-23.38,-8.57%,-,-,7.59,8.40,DOWNTREND,7.08,10.00,UPTREND,-3.53%,-3.53%,-3.53%,8.79,BEARISH,8.41,BEARISH,7.65,BULLISH,7.37,BULLISH,35.63,-0.2082 -0.0219,0.4322 (5.64%),-150.8159,4.0963,-92.8571,8798306.67,Black Long Day,0.8,No,Yes,No
AR,0.0029,0.0029,0.0027,0.0031,0.0029,16790000000,49130000,577950000,0.0029,1580,0,Mining And Oil,Mining,0.0039,0.00 (0.00%),0.00,0.0007,0.00,-0.06%,-,-,0.0028,0.0037,UPTREND,0.0010,0.0037,UPTREND,0.00%,0.00%,0.00%,0.0023,BULLISH,0.0015,BULLISH,0.0012,BULLISH,0.0011,BULLISH,65.34,0.0005 0.0005,0.0004 (13.79%),55.9664,73.3823,-41.6667,55916133333.3333,Doji,0.29,No,Yes,No
MAC,6.54,6.70,6.52,6.70,6.58,7430000,48930000,12370000000,6.80,1660,0,Service,Transporation Services,13.75,-0.27 (-142.86%),2.16,2.85,-24.81,-20.40%,-,-,6.53,7.24,DOWNTREND,5.58,8.31,UPTREND,-3.82%,-3.82%,-3.82%,7.58,BEARISH,6.72,BEARISH,5.72,BULLISH,5.08,BULLISH,37.66,-0.0536 0.1645,0.4095 (6.26%),-161.5065,7.9383,-98.7952,7096480.00,Black Long Day,0.93,No,Yes,No
EMP,10.16,10.16,10.12,10.18,10.16,4260000,43260000,161000000000,10.10,1140,0,Industrial,Food Beverage & Tobacco,10.98,0.46 (39.39%),2.44,6.00,22.04,11.56%,-,-,9.91,10.17,SIDEWAYS,9.62,10.60,SIDEWAYS,0.59%,0.59%,0.59%,10.04,BULLISH,10.01,BULLISH,9.95,BULLISH,9.03,BULLISH,64.61,0.0143 0.0065,0.1093 (1.08%),217.9964,84.5150,-5.7143,6658006.67,Doji,0.58,No,Yes,No
AEV,46.70,46.55,46.55,47.35,46.80,912200,42690000,262930000000,47.25,775,0,Holding Firms,Holding Firms,54.00,2.60 (-33.50%),1.49,26.70,17.96,8.16%,-,-,46.12,47.32,UPTREND,42.20,48.90,SIDEWAYS,-1.16%,-1.16%,-1.16%,46.28,BULLISH,46.08,BULLISH,46.75,BEARISH,45.24,BULLISH,51.06,0.1894 0.1419,1.3734 (2.94%),59.5862,74.7850,-35.2941,1339293.33,Inverted Hammer,0.76,No,Buy in Tranches,Buy in tranches
MWC,16.26,15.94,15.72,16.26,16.00,2550000,40750000,33570000000,15.98,548,0,Industrial,Electricity Energy Power & Water,16.52,1.81 (-22.65%),0.57,8.10,8.73,6.61%,-,-,15.42,16.38,UPTREND,14.80,19.18,UPTREND,1.75%,1.75%,1.75%,15.86,BULLISH,15.09,BULLISH,14.50,BULLISH,13.10,BULLISH,59.46,0.2431 0.2952,0.4304 (2.65%),51.5931,55.2083,-20.3125,1612880.00,None,1.82,No,Yes,No
SCC,14.00,13.86,13.60,14.00,13.80,2940000,40580000,59510000000,13.78,751,0,Mining And Oil,Mining,22.25,1.04 (-61.90%),1.41,8.30,13.33,8.92%,-,-,13.55,14.39,UPTREND,11.92,15.11,UPTREND,1.60%,1.60%,1.60%,13.51,BULLISH,12.29,BULLISH,11.05,BULLISH,11.63,BULLISH,58.45,0.6007 0.6748,0.5611 (4.01%),30.6799,53.7578,-48.1481,4424146.67,Hammer,0.65,No,Yes,No
DMC,5.67,5.66,5.65,5.80,5.67,6520000,36980000,75280000000,5.66,753,0,Holding Firms,Holding Firms,7.16,0.39 (-61.39%),0.94,3.10,14.51,7.54%,-,-,5.58,5.90,SIDEWAYS,5.36,6.20,UPTREND,0.18%,0.18%,0.18%,5.87,BEARISH,5.28,BULLISH,4.62,BULLISH,4.38,BULLISH,49.89,0.1250 0.2086,0.1851 (3.26%),-56.9142,25.6757,-77.0270,8243933.33,Inverted Hammer,0.79,No,Yes,No
ACEX,14.02,11.70,11.62,14.78,13.59,2590000,35150000,3510000000,11.50,894,0,Mining And Oil,Oil,14.78,-0.03 (70.00%),46.80,4.20,-390.00,-22.20%,-,-,10.80,14.40,UPTREND,7.98,14.40,UPTREND,21.91%,21.91%,21.91%,10.96,BULLISH,8.33,BULLISH,7.09,BULLISH,6.69,BULLISH,75.28,1.2035 1.1744,0.9246 (6.60%),164.7510,68.2885,-16.5939,710713.33,White Long Day,3.68,Yes,Yes,No
FRUIT,1.69,1.70,1.65,1.70,1.67,20230000,33800000,3610000000,1.70,1040,0,Industrial,Food Beverage & Tobacco,2.07,0.02 (0.00%),2.91,0.90,84.50,-4.13%,-,-,1.66,1.76,UPTREND,1.50,1.85,UPTREND,-0.59%,-0.59%,-0.59%,1.68,BULLISH,1.48,BULLISH,1.34,BULLISH,1.32,BULLISH,57.85,0.0706 0.0849,0.0867 (5.13%),8.1136,39.1331,-73.0769,38034800.00,Hanging Man,0.5,No,Yes,No
ALLHC,3.69,3.43,3.43,3.72,3.64,9010000,32770000,23250000000,3.40,831,0,Holding Firms,Holding Firms,3.75,0.05 (-64.29%),1.94,1.10,69.60,1.92%,-,-,3.33,3.70,UPTREND,3.04,3.91,UPTREND,8.53%,8.53%,8.53%,3.31,BULLISH,3.03,BULLISH,2.55,BULLISH,2.13,BULLISH,65.85,0.1557 0.1484,0.1676 (4.54%),113.1526,59.9942,-8.9552,7937333.33,White Long Day,1.01,No,Yes,No
AP,27.00,26.60,26.55,27.15,26.96,1190000,32130000,198680000000,26.55,1060,0,Industrial,Electricity Energy Power & Water,35.35,1.48 (-41.04%),1.61,20.15,17.94,9.73%,-,-,26.12,27.08,UPTREND,25.10,28.05,SIDEWAYS,1.69%,1.69%,1.69%,26.92,BULLISH,27.05,BEARISH,26.50,BULLISH,26.72,BULLISH,50.04,-0.0667 -0.0069,0.6832 (2.53%),-11.4851,31.0077,-55.8140,1976080.00,White Long Day,0.56,No,Buy in Tranches,Buy in tranches,Reversal soon
HLCM,7.40,7.25,7.18,7.45,7.35,4070000,29860000,47750000000,7.25,617,0,Industrial,Construction Infra. & Allied Services,14.08,0.42 (0.00%),1.63,4.40,17.26,5.70%,-,-,7.14,7.77,UPTREND,6.68,8.67,UPTREND,2.07%,2.07%,2.07%,7.31,BULLISH,6.57,BULLISH,6.00,BULLISH,7.54,BEARISH,56.73,0.2385 0.2969,0.3382 (4.57%),21.3024,44.9021,-56.5217,3577220.00,None,1.02,No,Yes,No
SMC,134.00,128.10,125.50,134.00,129.42,219000,28340000,318720000000,128.10,973,0,Holding Firms,Holding Firms,165.00,-2.52 (-137.22%),1.42,72.50,-50.79,4.30%,-,-,125.15,140.15,SIDEWAYS,121.00,148.40,UPTREND,4.61%,4.61%,4.61%,134.05,BEARISH,118.81,BULLISH,109.46,BULLISH,104.38,BULLISH,58.99,3.2021 4.9316,4.3254 (3.23%),-58.4123,42.3143,-38.8601,265497.33,White Long Day,0.87,No,Yes,No
CNPF,17.90,17.50,17.50,17.92,17.79,1630000,29030000,63410000000,17.50,391,0,Industrial,Food Beverage & Tobacco,18.48,1.08 (24.14%),2.96,9.53,16.35,20.37%,-,-,17.44,17.91,SIDEWAYS,15.51,18.39,SIDEWAYS,2.29%,2.29%,2.29%,17.59,BULLISH,17.47,BULLISH,17.15,BULLISH,15.73,BULLISH,59.12,0.0391 0.0374,0.2905 (1.62%),115.0488,37.7778,-16.6667,2945580.00,White Long Day,0.47,No,Yes,No
LC,0.1830,0.1610,0.1610,0.1850,0.1756,159350000,27970000,7290000000,0.16,687,0,Mining And Oil,Mining,0.1850,-0.01 (50.00%),1.37,0.06,-16.40,-8.56%,-,-,0.1550,0.1840,UPTREND,0.1485,0.1840,SIDEWAYS,14.38%,14.38%,14.38%,0.1607,BULLISH,0.1566,BULLISH,0.1500,BULLISH,0.1183,BULLISH,67.74,0.0042 0.0030,0.0095 (5.20%),218.9406,56.2627,-5.4054,68613333.3333,White Long Day,2.04,Yes,Yes,No
IDC,3.39,3.21,3.21,3.39,3.30,8510000,28080000,1470000000,3.18,1080,0,Small Medium & Emerging Board,Small Medium & Emerging Board,4.21,0.11 (-80.36%),1.84,1.40,29.18,7.73%,-,-,2.99,3.80,UPTREND,2.89,4.00,UPTREND,6.60%,6.60%,6.60%,3.10,BULLISH,3.01,BULLISH,2.50,BULLISH,2.22,BULLISH,61.15,0.0518 0.0456,0.1783 (5.26%),202.2761,61.4815,0.0000,5380200.00,White Marubozu,1.43,No,Yes,No
WLCON,17.98,17.06,16.88,17.98,17.60,1540000,27120000,73710000000,16.90,841,0,Service,Retail,19.00,0.36 (-26.53%),4.71,10.50,47.22,9.59%,-,-,16.86,18.13,DOWNTREND,15.96,18.84,UPTREND,6.39%,6.39%,6.39%,17.58,BULLISH,16.33,BULLISH,16.02,BULLISH,15.52,BULLISH,59.34,0.2601 0.3397,0.4947 (2.75%),15.9094,33.3333,-17.1429,1270500.00,White Long Day,1.22,No,Yes,No
APX,1.80,1.77,1.73,1.80,1.78,15070000,26840000,11210000000,1.73,521,0,Mining And Oil,Mining,2.32,0.19 (850.00%),1.61,0.55,9.32,23.86%,-,-,1.71,1.85,DOWNTREND,1.51,1.92,SIDEWAYS,4.05%,4.05%,4.05%,1.79,BULLISH,1.84,BEARISH,1.69,BULLISH,1.35,BULLISH,51.22,-0.0165 -0.0132,0.0724 (4.02%),-25.5255,29.8712,-44.4444,8681200.00,None,1.6,No,No,No
TECH,6.83,6.70,6.70,6.91,6.83,3590000,24540000,2860000000,6.64,905,0,Industrial,Electrical Components & Equipment,13.38,0.4849 (0.00%),6.93,3.60,13.86,2.13%,-,-,6.56,7.08,UPTREND,6.28,7.74,UPTREND,2.86%,2.86%,2.86%,7.02,BEARISH,6.39,BULLISH,6.05,BULLISH,6.64,BULLISH,49.87,0.1026 0.2108,0.3454 (5.06%),-48.4610,14.4703,-75.1938,7886606.67,None,0.46,No,Yes,No
PXP,11.92,11.10,11.00,12.08,11.54,1880000,21730000,23360000000,11.00,405,0,Mining And Oil,Oil,14.40,-0.14 (-250.00%),7.16,3.50,-79.29,-1.43%,-,-,10.91,12.00,DOWNTREND,10.42,14.15,UPTREND,8.36%,8.36%,8.36%,12.63,BEARISH,11.81,BULLISH,8.59,BULLISH,6.82,BULLISH,48.43,-0.0809 0.2046,0.6192 (5.19%),-92.0130,17.0215,-62.8378,1868146.67,White Long Day,0.9,No,Yes,No
FGEN,28.20,28.15,28.15,28.70,28.26,703400,19880000,101460000000,28.15,527,0,Industrial,Electricity Energy Power & Water,29.80,3.3944 (0.00%),0.88,14.00,8.29,12.51%,-,-,28.08,29.22,SIDEWAYS,27.12,29.75,SIDEWAYS,0.18%,0.18%,0.18%,28.34,BEARISH,28.13,BULLISH,26.27,BULLISH,23.05,BULLISH,48.81,0.1243 0.1519,0.7314 (2.59%),10.0642,44.0909,-72.7273,915006.67,Inverted Hammer,0.81,No,Yes,No
LTG,13.04,13.00,12.90,13.16,13.01,1450000,18920000,141110000000,13.10,521,0,Holding Firms,Holding Firms,14.08,2.26 (32.94%),0.78,5.50,5.82,9.23%,-,-,12.87,13.30,SIDEWAYS,12.23,14.05,UPTREND,-0.46%,-0.46%,-0.46%,13.48,BEARISH,12.69,BULLISH,10.60,BULLISH,9.21,BULLISH,47.41,0.1422 0.3090,0.4173 (3.20%),-112.2208,21.2121,-78.7879,2495866.67,Spinning Top,0.56,No,Yes,No
PX,5.37,5.06,5.06,5.46,5.28,3530000,18650000,26530000000,4.95,393,0,Mining And Oil,Mining,6.50,-0.03 (-130.00%),1.05,1.85,-168.67,5.94%,-,-,4.92,5.42,UPTREND,4.54,5.60,DOWNTREND,8.48%,8.48%,8.48%,5.02,BULLISH,5.19,BULLISH,4.53,BULLISH,3.47,BULLISH,58.06,0.0393 0.0150,0.2620 (4.88%),128.6861,56.3603,-12.0000,4613433.33,White Long Day,0.79,No,No,No
VLL,4.65,4.68,4.56,4.70,4.60,4010000,18460000,59050000000,4.68,542,0,Property,Property,7.56,0.61 (-30.68%),0.57,2.86,7.67,7.13%,-,-,4.54,4.83,SIDEWAYS,4.26,5.34,UPTREND,-0.64%,-0.64%,-0.64%,4.84,BEARISH,4.18,BULLISH,3.71,BULLISH,3.85,BULLISH,51.21,0.1314 0.2196,0.1984 (4.27%),-72.0293,15.1515,-82.9545,13408533.33,None,0.29,No,Yes,No
PNB,29.00,29.50,28.95,29.50,29.09,640000,18620000,44250000000,29.35,359,0,Financial,Banks,36.65,4.72 (-25.32%),0.29,18.50,6.25,4.10%,-,-,28.98,30.90,SIDEWAYS,27.42,32.20,UPTREND,-1.19%,-1.19%,-1.19%,30.29,BEARISH,28.82,BULLISH,25.25,BULLISH,23.47,BULLISH,40.29,0.2452 0.5681,0.6682 (2.30%),-195.7768,0.0000,-97.8723,479860.00,Black Long Day,1.18,No,Yes,No
AREIT,29.25,29.35,29.20,29.40,29.28,586700,17180000,30000000000,29.35,545,0,Property,Property,30.00,0.82 (-21.15%),2.44,23.85,35.73,4.95%,-,-,28.82,29.40,UPTREND,27.25,29.95,UPTREND,-0.34%,-0.34%,-0.34%,28.72,BULLISH,27.12,BULLISH,0.00,NEUTRAL,0.00,NEUTRAL,68.48,0.6929 0.7557,0.4050 (1.38%),50.5536,70.9167,-31.2500,1836993.33,Spinning Top,0.27,No,Yes,No
ABA,0.65,0.65,0.62,0.66,0.64,23950000,15300000,2069999999,0.64,748,0,Holding Firms,Holding Firms,0.97,0.12 (-89.57%),0.20,0.44,5.42,-0.83%,-,-,0.63,0.72,UPTREND,0.59,0.76,UPTREND,1.56%,1.56%,1.56%,0.67,BEARISH,0.58,BULLISH,0.52,BULLISH,0.52,BULLISH,51.37,0.0257 0.0367,0.0453 (6.97%),-45.1175,21.5686,-76.4706,48607466.67,Doji,0.41,No,Yes,No
FLI,1.11,1.12,1.11,1.13,1.11,12600000,14040000,26920000000,1.12,416,0,Property,Property,1.56,0.18 (-28.00%),0.37,0.77,6.22,4.37%,-,-,1.10,1.16,SIDEWAYS,1.02,1.28,UPTREND,-0.89%,-0.89%,-0.89%,1.15,BEARISH,1.06,BULLISH,0.99,BULLISH,0.97,BULLISH,46.60,0.0182 0.0317,0.0302 (2.72%),-115.3846,14.8148,-88.8889,17912266.67,None,0.63,No,Yes,No
GREEN,2.58,2.60,2.54,2.61,2.57,5190000,13340000,4650000000,2.60,202,0,Industrial,Electrical Components & Equipment,2.74,-0.03 (0.00%),1.95,0.65,-85.33,-1.33%,-,-,2.46,2.60,DOWNTREND,2.28,2.70,SIDEWAYS,-0.77%,-0.77%,-0.77%,2.61,BEARISH,2.57,BULLISH,2.30,BULLISH,1.83,BULLISH,48.59,0.0020 0.0134,0.0883 (3.42%),-45.0122,55.6373,-38.2353,8217866.67,None,0.68,No,Yes,No
DNL,7.60,7.70,7.45,7.78,7.55,1700000,12810000,54290000000,7.70,696,0,Industrial,Food Beverage & Tobacco,9.60,0.27 (-30.77%),3.24,3.97,28.81,11.44%,-,-,7.20,7.74,UPTREND,6.98,8.02,UPTREND,-1.30%,-1.30%,-1.30%,7.36,BULLISH,6.83,BULLISH,6.02,BULLISH,5.57,BULLISH,61.75,0.1820 0.2008,0.2413 (3.18%),127.1249,72.3364,-24.6575,7038553.33,None,0.21,No,Yes,No
MARC,1.62,1.50,1.47,1.65,1.57,7940000,12500000,4880000000,1.46,401,0,Mining And Oil,Mining,1.66,0.13 (165.00%),1.16,0.45,11.54,4.62%,-,-,1.37,1.64,UPTREND,1.22,1.64,UPTREND,10.96%,10.96%,10.96%,1.39,BULLISH,1.17,BULLISH,1.05,BULLISH,0.82,BULLISH,73.00,0.1015 0.0980,0.1070 (6.60%),139.4680,67.4243,-9.0909,6438533.33,White Long Day,1.16,No,Yes,No
SSI,1.48,1.48,1.47,1.52,1.49,7490000,11170000,4880000000,1.49,416,0,Service,Retail,2.83,-0.14 (-160.87%),0.46,0.88,-10.64,-9.83%,-,-,1.46,1.63,DOWNTREND,1.24,1.78,UPTREND,-0.67%,-0.67%,-0.67%,1.66,BEARISH,1.53,BEARISH,1.31,BULLISH,1.26,BULLISH,37.87,-0.0116 0.0261,0.0851 (5.75%),-172.3150,20.5883,-85.2941,10628266.67,Doji,0.67,No,Yes,No
COSCO,5.61,5.70,5.55,5.71,5.64,1970000,11140000,40380000000,5.65,290,0,Holding Firms,Holding Firms,6.80,0.78 (-54.12%),0.37,4.25,7.32,8.05%,-,-,5.58,5.76,SIDEWAYS,5.37,6.02,UPTREND,-0.71%,-0.71%,-0.71%,5.71,BEARISH,5.45,BULLISH,5.25,BULLISH,5.20,BULLISH,49.95,0.0574 0.0834,0.1473 (2.63%),-148.1831,37.8033,-72.4138,2463306.67,None,0.74,No,Yes,No
CHP,1.46,1.45,1.45,1.50,1.48,7580000,11200000,19690000000,1.45,549,0,Industrial,Construction Infra. & Allied Services,2.10,0.12 (9.09%),0.46,0.86,12.08,3.24%,-,-,1.44,1.60,DOWNTREND,1.34,1.72,SIDEWAYS,0.69%,0.69%,0.69%,1.63,BEARISH,1.64,BEARISH,1.52,BEARISH,1.29,BULLISH,30.03,-0.0432 -0.0161,0.0582 (3.99%),-189.5537,0.0000,-93.1034,11298533.33,Inverted Hammer,0.6,No,Buy in Tranches,No
IRC,1.38,1.42,1.36,1.42,1.38,7930000,10940000,8359999999,1.41,410,0,Property,Property,1.78,0.24 (-80.95%),0.04,0.54,5.92,-0.02%,-,-,1.36,1.52,DOWNTREND,1.12,1.68,SIDEWAYS,-2.13%,-2.13%,-2.13%,1.56,BEARISH,1.54,BEARISH,1.33,BULLISH,1.07,BULLISH,34.62,-0.0384 -0.0072,0.0722 (5.23%),-176.1762,0.0000,-93.5484,4796000.00,Black Long Day,1.53,No,Yes,No
FPH,77.00,76.80,76.00,77.00,76.87,139840,10750000,38850000000,77.00,113,0,Industrial,Electricity Energy Power & Water,80.00,20.23 (-17.66%),0.32,41.00,3.80,11.63%,-,-,74.75,77.70,UPTREND,65.65,80.45,UPTREND,0.00%,0.00%,0.00%,75.99,BULLISH,68.37,BULLISH,64.24,BULLISH,60.39,BULLISH,61.63,2.5360 3.0616,1.9505 (2.53%),18.9241,41.6667,-50.0000,192403.33,Hammer,0.67,No,Yes,No
SPC,9.72,9.82,9.70,9.83,9.76,1060000,10360000,14550000000,9.82,383,0,Industrial,Electricity Energy Power & Water,11.30,1.10 (-4.35%),1.35,6.50,8.93,15.58%,-,-,9.71,10.37,DOWNTREND,9.16,11.25,SIDEWAYS,-1.02%,-1.02%,-1.02%,10.62,BEARISH,10.69,BEARISH,9.87,BEARISH,8.92,BULLISH,31.69,-0.1991 -0.0688,0.2902 (2.99%),-170.2300,0.0000,-98.7500,866826.67,Black Long Day,1.27,No,Buy in Tranches,No
HOME,8.90,9.15,8.82,9.20,8.96,973000,8720000,33380000000,9.15,428,0,Service,Retail,11.60,0.24 (-57.14%),2.64,4.25,38.13,8.12%,-,-,8.56,9.18,UPTREND,8.19,9.48,UPTREND,-2.73%,-2.73%,-2.73%,8.68,BULLISH,7.80,BULLISH,6.91,BULLISH,6.68,BULLISH,64.32,0.3053 0.3372,0.2390 (2.69%),140.5069,77.2222,-41.6667,2013253.33,Black Long Day,0.44,No,Yes,No
RCI,1.32,1.29,1.28,1.35,1.32,6550000,8630000,2900000000,1.29,279,0,Industrial,Food Beverage & Tobacco,2.29,-0.55 (-223.53%),0.40,1.10,-2.33,-8.77%,-,-,1.28,1.40,UPTREND,1.22,1.48,UPTREND,2.33%,2.33%,2.33%,1.36,BEARISH,1.28,BULLISH,1.23,BULLISH,1.38,BEARISH,47.97,0.0173 0.0322,0.0655 (4.96%),-67.1482,23.1884,-73.9130,12639000.00,None,0.45,No,Yes,No
CLI,5.15,5.05,5.01,5.15,5.09,1670000,8490000,8010000000,5.05,246,0,Property,Property,5.50,1.15 (-19.58%),0.99,3.00,4.39,16.34%,-,-,4.91,5.19,SIDEWAYS,4.68,5.38,UPTREND,1.98%,1.98%,1.98%,5.00,BULLISH,4.82,BULLISH,4.90,BULLISH,4.56,BULLISH,69.73,0.0626 0.0604,0.0951 (1.85%),214.5980,81.3333,0.0000,1044733.33,White Long Day,1.48,No,Buy in Tranches,Buy in tranches
PCOR,3.98,3.97,3.95,3.99,3.97,2100000,8330000,37310000000,3.99,239,0,Industrial,Electricity Energy Power & Water,4.63,-1.84 (-268.00%),1.87,2.00,-2.16,-12.90%,-,-,3.96,4.14,DOWNTREND,3.58,4.27,UPTREND,-0.25%,-0.25%,-0.25%,4.05,BEARISH,3.58,BULLISH,3.32,BULLISH,3.15,BULLISH,56.69,0.1112 0.1529,0.0934 (2.35%),-106.2802,16.9553,-86.3636,5275133.33,Spinning Top,0.37,No,Yes,No
SHLPH,20.95,20.50,20.50,21.10,20.70,385600,7980000,33799999999,20.65,325,0,Industrial,Electricity Energy Power & Water,35.00,-7.81 (-657.86%),1.28,14.52,-2.64,-80.92%,-,-,20.15,21.12,DOWNTREND,17.81,23.15,UPTREND,1.45%,1.45%,1.45%,21.57,BEARISH,18.78,BULLISH,17.86,BULLISH,18.32,BULLISH,54.71,0.5525 0.9085,0.7209 (3.44%),-53.6174,17.4359,-72.3077,1050020.00,White Long Day,0.43,No,Yes,No
PLC,0.4550,0.44,0.44,0.4750,0.4546,17150000,7800000,14200000000,0.4450,212,0,Service,Casinos & Gaming,0.61,0.01 (-87.50%),0.86,0.2550,44.00,-1.39%,-,-,0.4425,0.4800,UPTREND,0.4000,0.5125,UPTREND,2.25%,2.25%,2.25%,0.4413,BULLISH,0.3968,BULLISH,0.3515,BULLISH,0.3347,BULLISH,56.83,0.0188 0.0212,0.0251 (5.51%),39.8323,43.2098,-55.5556,30966000.0000,None,0.5,No,Yes,No
EW,10.70,10.80,10.68,10.90,10.74,697700,7500000,24070000000,10.80,302,0,Financial,Banks,12.50,4.08 (21.07%),0.44,6.08,2.67,13.41%,-,-,10.64,11.17,DOWNTREND,10.29,11.88,UPTREND,-0.93%,-0.93%,-0.93%,11.35,BEARISH,10.64,BULLISH,9.44,BULLISH,8.55,BULLISH,40.28,0.0247 0.1918,0.2795 (2.61%),-150.5214,9.3137,-92.6471,1170280.00,None,0.58,No,Yes,No
TBGI,0.35,0.34,0.3350,0.36,0.3460,21250000,7350000,1330000000,0.3350,319,0,Service,Information Technology,0.41,0.00 (0.00%),2.43,0.13,0.00,0.66%,-,-,0.33,0.37,UPTREND,0.30,0.40,UPTREND,4.48%,4.48%,4.48%,0.33,BULLISH,0.29,BULLISH,0.24,BULLISH,0.21,BULLISH,58.02,0.0197 0.0212,0.0231 (6.60%),46.3980,44.9275,-52.1739,47472666.67,None,0.38,No,Yes,No
WPI,0.58,0.57,0.56,0.58,0.57,12630000,7160000,1450000000,0.58,202,0,Service,Hotel & Leisure,0.78,0.60 (850.00%),0.21,0.30,0.95,0.39%,-,-,0.57,0.64,DOWNTREND,0.42,0.70,UPTREND,0.00%,0.00%,0.00%,0.64,BEARISH,0.59,BEARISH,0.49,BULLISH,0.45,BULLISH,39.48,-0.0040 0.0092,0.0415 (7.15%),-189.3491,11.6666,-86.6667,18825333.33,None,0.62,No,Yes,No
BCOR,5.60,6.05,5.35,6.15,5.96,1310000,7800000,24310000000,6.00,169,0,Service,Casinos & Gaming,6.15,0.01 (-90.91%),3.33,1.50,600.00,2.95%,-,-,4.96,6.08,UPTREND,4.44,6.08,UPTREND,-6.67%,-6.67%,-6.67%,5.23,BULLISH,4.45,BULLISH,3.53,BULLISH,2.88,BULLISH,62.34,0.3466 0.3336,0.3744 (6.68%),141.4099,82.9248,-41.0448,1342273.33,None,0.83,No,Yes,No
SUN,1.70,1.68,1.64,1.71,1.66,4110000,6830000,12330000000,1.67,138,0,Property,Property,2.47,-0.10 (-300.00%),3.36,0.89,-16.80,-14.05%,-,-,1.65,1.76,DOWNTREND,1.48,1.91,UPTREND,1.80%,1.80%,1.80%,1.76,BEARISH,1.50,BULLISH,1.34,BULLISH,1.29,BULLISH,53.18,0.0507 0.0830,0.0893 (5.25%),-74.4681,12.2222,-80.0000,4610133.33,None,0.86,No,Yes,No
IMI,9.30,9.12,9.12,9.30,9.24,703900,6500000,20620000000,9.10,452,0,Industrial,Electrical Components & Equipment,9.50,0.00 (100.00%),1.05,3.20,0.00,-0.83%,-,-,8.10,9.50,UPTREND,7.04,9.87,UPTREND,2.20%,2.20%,2.20%,7.90,BULLISH,7.21,BULLISH,6.31,BULLISH,5.77,BULLISH,70.98,0.5565 0.4052,0.4158 (4.47%),139.9542,91.9028,-8.0972,1824993.33,White Marubozu,0.32,No,Yes,No
VUL,1.08,1.05,1.04,1.11,1.06,5770000,6140000,1570000000,1.05,291,0,Industrial,Construction Infra. & Allied Services,1.39,0.00 (100.00%),0.00,0.48,0.00,66.80%,-,-,1.04,1.30,UPTREND,1.00,1.36,UPTREND,2.86%,2.86%,2.86%,1.23,BEARISH,1.01,BULLISH,0.87,BULLISH,0.79,BULLISH,43.27,0.0414 0.0806,0.0761 (7.05%),-127.8446,9.8148,-86.1111,5227733.33,None,1.01,No,Yes,No
TUGS,1.52,1.58,1.50,1.58,1.54,4030000,6190000,1360000000,1.55,285,0,Service,Transporation Services,1.85,-0.26 (-100.00%),1.14,0.51,-6.08,2.08%,-,-,1.47,1.60,DOWNTREND,1.41,1.81,UPTREND,-1.94%,-1.94%,-1.94%,1.65,BEARISH,1.50,BULLISH,1.24,BULLISH,1.03,BULLISH,44.96,0.0091 0.0409,0.0913 (6.01%),-129.5988,20.3252,-80.4878,4719133.33,Black Long Day,0.79,No,Yes,No
CPG,0.4450,0.45,0.44,0.46,0.4457,13690000,6100000,5160000000,0.45,123,0,Property,Property,0.57,0.08 (-42.86%),0.25,0.3250,5.63,7.78%,-,-,0.4425,0.4850,DOWNTREND,0.3800,0.5000,UPTREND,-1.11%,-1.11%,-1.11%,0.4718,BEARISH,0.4215,BULLISH,0.3917,BULLISH,0.3835,BULLISH,45.33,0.0081 0.0151,0.0165 (3.70%),-167.8967,0.0000,-90.9091,19232000.0000,None,0.61,No,Yes,No
PNX4,1008.00,1008.00,1008.00,1009.00,1008.57,5440,5490000,7060000000,1007.00,18,0,None,None,1055.00,0.00 (0.00%),0.00,930.00,0.00,0.00%,-,-,1000.00,1008.50,SIDEWAYS,961.50,1044.00,SIDEWAYS,0.10%,0.10%,0.10%,1000.15,BULLISH,995.88,BULLISH,982.28,BULLISH,995.34,BULLISH,64.47,3.4322 3.0766,4.5939 (0.46%),185.5746,77.7589,-6.4516,2542.00,Gravestone Doji,1.84,No,Yes,Reversal soon
GMA7,6.02,6.02,6.00,6.05,6.02,897900,5410000,20230000000,6.00,307,0,Service,Media,8.50,0.90 (73.08%),2.44,4.28,6.69,53.04%,-,-,5.92,6.04,UPTREND,5.68,7.58,UPTREND,0.33%,0.33%,0.33%,5.98,BULLISH,5.53,BULLISH,5.29,BULLISH,5.20,BULLISH,63.22,0.1286 0.1618,0.0986 (1.64%),50.2200,37.6812,-45.4545,1009433.33,Doji,0.93,No,Yes,No
VITA,0.92,0.92,0.89,0.93,0.91,5810000,5290000,2810000000,0.91,277,0,Industrial,Food Beverage & Tobacco,1.32,0.01 (133.33%),1.67,0.63,92.00,-0.26%,-,-,0.89,0.99,DOWNTREND,0.84,1.06,UPTREND,1.10%,1.10%,1.10%,0.99,BEARISH,0.89,BULLISH,0.83,BULLISH,0.84,BULLISH,45.37,0.0086 0.0284,0.0457 (4.97%),-93.4412,15.0000,-80.0000,8708600.00,Doji,0.65,No,Yes,No
AXLM,3.47,3.37,3.35,3.47,3.37,1470000,4970000,13610000000,3.50,224,0,Industrial,Food Beverage & Tobacco,3.87,0.14 (-6.67%),1.52,1.75,24.07,6.48%,-,-,3.34,3.54,DOWNTREND,3.20,3.84,UPTREND,-0.86%,-0.86%,-0.86%,3.60,BEARISH,3.19,BULLISH,2.82,BULLISH,2.66,BULLISH,51.57,0.0878 0.1402,0.1457 (4.20%),-74.8404,36.1111,-66.6667,2455333.33,White Long Day,0.55,No,Yes,No
MRSGI,1.49,1.50,1.45,1.50,1.47,3060000,4510000,5110000000,1.50,217,0,Service,Retail,2.19,-0.01 (-103.85%),0.60,1.15,-150.00,-8.82%,-,-,1.46,1.64,DOWNTREND,1.36,1.72,UPTREND,-0.67%,-0.67%,-0.67%,1.63,BEARISH,1.55,BEARISH,1.48,BULLISH,1.53,BEARISH,37.53,-0.0062 0.0215,0.0657 (4.41%),-205.5419,14.1589,-82.7586,4403266.67,Hanging Man,0.6,No,Yes,Reversal soon
ATN,0.86,0.85,0.84,0.87,0.85,5240000,4450000,3180000000,0.85,236,0,Holding Firms,Holding Firms,1.09,0.00 (-100.00%),1.81,0.39,0.00,-0.17%,-,-,0.84,0.92,DOWNTREND,0.78,1.08,UPTREND,1.18%,1.18%,1.18%,0.96,BEARISH,0.91,BEARISH,0.74,BULLISH,0.65,BULLISH,39.45,-0.0093 0.0100,0.0461 (5.35%),-155.9425,0.0000,-88.8889,9090800.00,None,0.54,No,Yes,No
APVI,12.20,12.20,12.20,13.00,12.30,341900,4200000,1220000000,12.40,229,0,Small Medium & Emerging Board,Small Medium & Emerging Board,240.00,0.33 (-49.23%),2.02,8.29,36.97,3.86%,-,-,12.15,13.71,DOWNTREND,10.81,15.78,UPTREND,-1.61%,-1.61%,-1.61%,14.24,BEARISH,13.22,BEARISH,12.32,BEARISH,0.00,NEUTRAL,34.14,-0.2094 0.1405,0.7219 (5.92%),-139.8065,3.2054,-100.0000,496266.67,Gravestone Doji,0.69,No,Yes,No
ORE,0.83,0.80,0.78,0.87,0.82,4940000,4040000,2390000000,0.81,213,0,Mining And Oil,Mining,0.87,0.06 (137.50%),0.36,0.40,13.33,-2.89%,-,-,0.73,0.85,UPTREND,0.68,0.90,UPTREND,2.47%,2.47%,2.47%,0.77,BULLISH,0.72,BULLISH,0.65,BULLISH,0.58,BULLISH,65.50,0.0312 0.0300,0.0471 (5.67%),98.9082,75.3354,-21.0526,2931266.67,None,1.56,No,Yes,No
LPZ,3.73,3.71,3.71,3.73,3.71,1080000,4019999,16940000000,3.72,63,0,Holding Firms,Holding Firms,4.17,-0.27 (-118.88%),0.25,2.23,-13.78,6.44%,-,-,3.71,3.74,UPTREND,3.06,4.08,UPTREND,0.27%,0.27%,0.27%,3.66,BULLISH,3.06,BULLISH,2.73,BULLISH,2.77,BULLISH,80.84,0.1978 0.2319,0.0516 (1.38%),38.9324,66.6667,-20.0000,3917066.67,White Marubozu,0.33,No,Yes,No
WEB,3.08,2.89,2.85,3.10,2.95,1250000,3700000,4420000000,2.89,155,0,Service,Information Technology,5.17,-0.09 (-350.00%),19.27,1.10,-32.11,-49.34%,-,-,2.86,3.12,UPTREND,2.77,3.40,UPTREND,6.57%,6.57%,6.57%,3.06,BULLISH,2.95,BULLISH,2.53,BULLISH,2.33,BULLISH,53.14,0.0208 0.0533,0.1453 (4.72%),-33.2288,16.4422,-60.6557,2741666.67,White Long Day,0.41,No,Yes,No
FB,67.50,67.00,66.80,67.90,67.05,56040,3760000,398870000000,67.00,171,0,Industrial,Food Beverage & Tobacco,84.05,2.21 (-19.93%),4.95,44.50,30.32,16.75%,-,-,66.40,70.68,UPTREND,63.10,73.00,UPTREND,0.75%,0.75%,0.75%,69.37,BEARISH,66.67,BULLISH,65.86,BULLISH,64.02,BULLISH,45.35,0.5808 1.0856,1.6354 (2.42%),-129.1783,18.5897,-74.0458,232806.00,None,0.23,No,Yes,No
MAXS,6.91,6.86,6.85,7.00,6.93,529600,3670000,7170000000,6.89,243,0,Industrial,Food Beverage & Tobacco,11.94,-0.97 (-211.49%),1.12,4.20,-7.08,-7.45%,-,-,6.87,7.50,DOWNTREND,6.62,8.30,UPTREND,0.29%,0.29%,0.29%,7.77,BEARISH,6.87,BULLISH,5.85,BULLISH,5.76,BULLISH,38.71,0.0359 0.2459,0.2854 (4.13%),-139.1759,4.4125,-95.9184,835320.00,Inverted Hammer,0.58,No,Yes,No
CHIB,25.00,24.90,24.85,25.20,24.94,145100,3620000,67150000000,24.95,39,0,Financial,Banks,26.10,4.33 (25.87%),0.66,17.00,5.75,11.18%,-,-,24.80,25.30,DOWNTREND,23.12,26.10,UPTREND,0.20%,0.20%,0.20%,25.58,BEARISH,24.17,BULLISH,22.59,BULLISH,21.50,BULLISH,48.08,0.1624 0.3719,0.2796 (1.12%),-131.3869,0.0000,-78.2609,289226.67,Spinning Top,0.47,No,Yes,No
ION,1.13,1.18,1.10,1.18,1.13,3200000,3610000,945960000,1.20,174,0,Industrial,Electrical Components & Equipment,1.77,0.00 (-100.00%),0.40,0.85,0.00,2.04%,-,-,1.12,1.33,UPTREND,1.04,1.51,UPTREND,-5.83%,-5.83%,-5.83%,1.19,BEARISH,1.09,BULLISH,1.04,BULLISH,1.06,BULLISH,46.26,0.0430 0.0554,0.0902 (7.98%),-36.6119,19.6154,-92.0000,6157866.67,None,0.44,No,Yes,No
ACR,1.31,1.30,1.26,1.33,1.29,2720000,3490000,8240000000,1.36,156,0,Industrial,Electricity Energy Power & Water,1.49,0.06 (-76.92%),0.68,0.61,21.00,12.35%,-,-,1.28,1.38,DOWNTREND,1.23,1.44,SIDEWAYS,-3.68%,-3.68%,-3.68%,1.39,BEARISH,1.37,BEARISH,1.31,BULLISH,1.18,BULLISH,36.02,-0.0110 0.0015,0.0476 (3.64%),-212.4711,35.5375,-66.6667,2294866.67,None,1.08,No,Yes,No
PRF3A,1074.00,1015.00,1015.00,1075.00,1064.03,3110,3300000,14390000000,1010.00,14,0,None,None,1075.00,0.00 (0.00%),0.00,993.00,0.00,0.00%,-,-,1010.00,1074.50,SIDEWAYS,993.00,1074.50,SIDEWAYS,6.34%,6.34%,6.34%,1062.80,BULLISH,1062.62,BULLISH,1058.99,BULLISH,1045.10,BULLISH,54.35,-2.9166 -1.0566,14.5388 (1.35%),-116.4512,0.0000,-1.5385,3751.67,White Long Day,0.68,No,Yes,Reversal soon
AT,6.80,6.46,6.40,6.80,6.62,489600,3240000,24200000000,6.46,72,0,Mining And Oil,Mining,6.97,-0.01 (96.43%),0.67,1.50,-646.00,3.43%,-,-,6.28,6.92,UPTREND,5.45,6.92,UPTREND,5.26%,5.26%,5.26%,6.39,BULLISH,5.29,BULLISH,4.36,BULLISH,3.21,BULLISH,68.36,0.3805 0.4429,0.2237 (3.29%),70.2558,56.1404,-17.8947,694226.67,White Long Day,0.67,No,Yes,No
STI,0.4450,0.4650,0.44,0.47,0.4491,7150000,3210000,4410000000,0.4650,139,0,Service,Education,0.65,-0.05 (-350.00%),0.58,0.28,-9.30,-11.07%,-,-,0.4425,0.4900,UPTREND,0.3875,0.5200,UPTREND,-4.30%,-4.30%,-4.30%,0.4428,BULLISH,0.3887,BULLISH,0.3525,BULLISH,0.3478,BULLISH,54.08,0.0242 0.0269,0.0189 (4.24%),21.5889,63.4921,-52.3810,12530000.0000,Black Long Day,0.52,No,Yes,No
ABS,11.66,11.68,11.58,11.72,11.65,269100,3130000,10000000000,11.68,184,0,Service,Media,24.85,-6.94 (-321.73%),0.43,6.66,-1.68,-45.68%,-,-,11.62,12.16,DOWNTREND,10.92,12.75,UPTREND,-0.17%,-0.17%,-0.17%,12.08,BEARISH,11.71,BEARISH,9.82,BULLISH,13.10,BEARISH,43.94,0.0668 0.1677,0.2899 (2.49%),-192.2353,5.8196,-90.2439,341000.00,Spinning Top,0.76,No,Yes,No
ANI,7.84,7.98,7.80,7.98,7.82,392700,3070000,7980000000,8.00,134,0,Industrial,Food Beverage & Tobacco,13.48,4.27 (7016.67%),1.05,5.60,1.87,6.72%,-,-,7.78,8.27,DOWNTREND,7.38,8.78,SIDEWAYS,-2.00%,-2.00%,-2.00%,8.36,BEARISH,8.15,BEARISH,8.02,BEARISH,7.66,BULLISH,37.00,-0.0531 0.0231,0.2800 (3.57%),-176.9207,28.5714,-86.8132,710680.00,Black Long Day,0.49,No,Yes,No
EEI,7.58,7.57,7.55,7.59,7.57,402900,3050000,7860000000,7.59,115,0,Industrial,Construction Infra. & Allied Services,9.56,-0.52 (-183.87%),1.03,4.31,-14.56,-14.73%,-,-,7.54,7.75,DOWNTREND,7.22,8.16,SIDEWAYS,-0.13%,-0.13%,-0.13%,7.83,BEARISH,7.62,BEARISH,6.89,BULLISH,6.12,BULLISH,44.50,0.0134 0.0670,0.1901 (2.51%),-127.8966,14.3440,-87.0370,675533.33,Hammer,0.6,No,Yes,No
OPM,0.0120,0.0120,0.0110,0.0130,0.0119,249800000,2990000,1440000000,0.0130,178,0,Mining And Oil,Oil,0.0150,0.00 (0.00%),0.00,0.0080,0.00,1.22%,-,-,0.0115,0.0135,UPTREND,0.0100,0.0145,UPTREND,-7.69%,-7.69%,-7.69%,0.0118,BULLISH,0.0106,BULLISH,0.0096,BULLISH,0.0095,BULLISH,52.58,0.0007 0.0007,0.0014 (11.70%),18.0666,47.0588,-60.0000,510560000.0000,Doji,0.42,No,Yes,No
SSP,1.54,1.53,1.50,1.55,1.53,1830000,2800000,3330000000,1.53,132,0,Industrial,Electrical Components & Equipment,1.87,13.0927 (68.75%),0.01,0.50,0.12,8.08%,-,-,1.50,1.64,UPTREND,1.43,1.78,SIDEWAYS,0.65%,0.65%,0.65%,1.58,BEARISH,1.54,BEARISH,1.48,BULLISH,1.31,BULLISH,46.07,0.0073 0.0182,0.0827 (5.37%),-67.4050,13.9062,-84.6154,6686600.00,None,0.22,No,Yes,No
EURO,2.21,2.35,2.20,2.35,2.23,1230000,2740000,9090000000,2.34,181,0,Industrial,Chemicals,4.49,0.03 (-25.00%),1.80,1.58,76.67,3.32%,-,-,2.20,2.62,DOWNTREND,2.02,2.85,UPTREND,-5.56%,-5.56%,-5.56%,2.58,BEARISH,2.27,BEARISH,2.08,BULLISH,2.20,BULLISH,37.21,0.0165 0.0858,0.1520 (6.88%),-252.5445,8.6729,-98.5714,1661800.00,Black Long Day,0.69,No,Yes,No
EAGLE,14.46,14.24,14.22,14.50,14.35,186000,2670000,72300000000,14.48,153,0,Industrial,Construction Infra. & Allied Services,16.12,0.78 (-33.33%),2.10,5.90,18.26,10.99%,-,-,14.34,15.00,DOWNTREND,13.79,15.46,SIDEWAYS,-0.14%,-0.14%,-0.14%,14.93,BEARISH,15.13,BEARISH,13.92,BULLISH,11.35,BULLISH,24.40,-0.1752 -0.1037,0.3463 (2.39%),-194.9557,30.2326,-72.0930,293713.33,White Long Day,0.51,No,Buy in Tranches,No
GSMI,52.80,49.40,49.40,53.00,52.52,49900,2620000,14820000000,49.40,101,0,Industrial,Food Beverage & Tobacco,59.00,8.81 (110.77%),1.75,25.00,5.61,35.10%,-,-,49.40,53.40,SIDEWAYS,47.08,56.25,UPTREND,6.88%,6.88%,6.88%,51.39,BULLISH,49.86,BULLISH,46.91,BULLISH,39.52,BULLISH,55.87,0.3042 0.4639,1.9005 (3.60%),36.7658,0.0000,-26.0870,59920.67,White Long Day,0.74,No,Yes,No
PIZZA,7.56,7.66,7.50,7.66,7.57,343400,2600000,11580000000,7.70,127,0,Industrial,Food Beverage & Tobacco,10.00,-0.10 (-116.95%),2.55,4.54,-76.60,-1.63%,-,-,7.53,8.01,DOWNTREND,7.24,8.70,UPTREND,-1.82%,-1.82%,-1.82%,8.20,BEARISH,7.64,BEARISH,6.68,BULLISH,6.38,BULLISH,38.67,-0.0285 0.1106,0.2606 (3.45%),-171.7875,8.9755,-94.4954,393906.67,None,0.75,No,Yes,No
GLOPP,517.00,517.00,517.00,517.00,517.00,4680,2420000,10340000000,517.00,2,0,Service,Telecommunications,524.50,0.00 (0.00%),0.00,420.00,0.00,0.00%,-,-,508.00,517.50,SIDEWAYS,487.50,538.25,SIDEWAYS,0.00%,0.00%,0.00%,510.20,BULLISH,509.43,BULLISH,510.06,BULLISH,504.84,BULLISH,58.59,1.6509 0.5248,3.7959 (0.73%),134.5640,96.5517,-3.4483,5452.00,White Marubozu,0.76,No,Buy in Tranches,Buy in tranches
SMC2G,75.50,76.00,75.40,76.00,75.47,31800,2400000,5030000000,75.80,8,0,None,None,77.85,0.00 (0.00%),0.00,73.00,0.00,0.00%,-,-,75.28,76.00,SIDEWAYS,72.80,77.92,SIDEWAYS,-0.40%,-0.40%,-0.40%,76.06,BEARISH,76.22,BEARISH,76.25,BEARISH,75.79,BEARISH,41.69,-0.1298 -0.0735,0.4366 (0.58%),-124.5648,36.7521,-76.9231,13865.33,Black Long Day,2.44,Yes,No,No
BRN,0.90,0.91,0.90,0.94,0.91,2600000,2370000,2210000000,0.90,192,0,Property,Property,1.13,0.17 (6.25%),0.52,0.4550,5.35,11.21%,-,-,0.89,0.96,UPTREND,0.84,1.08,UPTREND,0.00%,0.00%,0.00%,0.91,BEARISH,0.86,BULLISH,0.83,BULLISH,0.72,BULLISH,49.50,0.0187 0.0254,0.0524 (5.82%),-0.2986,24.4444,-76.6667,17515533.33,Shooting Star,0.12,No,Yes,No
MWP,101.50,100.50,100.40,101.50,101.35,22250,2260000,4059999999,100.50,12,0,Industrial,Construction Infra. & Allied Services,103.00,0.00 (0.00%),0.00,96.50,0.00,0.00%,-,-,100.45,101.70,SIDEWAYS,97.00,105.00,SIDEWAYS,1.00%,1.00%,1.00%,101.09,BULLISH,101.25,BULLISH,101.25,BULLISH,100.68,BULLISH,53.18,0.0263 0.0050,0.6216 (0.61%),18.8244,64.4445,-13.3333,16156.67,White Long Day,1.43,No,No,No
LCB,0.18,0.1760,0.1630,0.18,0.1755,12110000,2130000,4780000000,0.1560,49,0,Mining And Oil,Mining,0.18,-0.01 (66.67%),1.96,0.0590,-17.60,-10.06%,-,-,0.16,0.18,UPTREND,0.15,0.18,SIDEWAYS,15.38%,15.38%,15.38%,0.16,BULLISH,0.16,BULLISH,0.15,BULLISH,0.12,BULLISH,65.62,0.0035 0.0027,0.0070 (3.87%),191.3896,56.3219,0.0000,3522000.00,Hammer,3.14,Yes,No,No
NI,3.04,3.02,3.00,3.09,3.03,699000,2120000,3070000000,3.02,87,0,Mining And Oil,Mining,3.48,0.00 (100.00%),3.50,0.76,0.00,-0.27%,-,-,2.93,3.07,UPTREND,2.84,3.35,UPTREND,0.66%,0.66%,0.66%,3.01,BULLISH,2.77,BULLISH,2.37,BULLISH,1.72,BULLISH,59.10,0.0889 0.1125,0.1419 (4.67%),5.9770,26.3574,-72.1311,977600.00,None,0.65,No,Yes,No
MG,0.2350,0.2210,0.2170,0.2390,0.2305,8490000,1960000,587500000,0.2190,102,0,Industrial,Food Beverage & Tobacco,0.2850,0.00 (0.00%),1.38,0.1020,0.00,-0.37%,-,-,0.2155,0.2750,UPTREND,0.1645,0.2750,UPTREND,7.31%,7.31%,7.31%,0.2130,BULLISH,0.1737,BULLISH,0.1532,BULLISH,0.1580,BULLISH,59.61,0.0206 0.0213,0.0192 (8.17%),41.4012,51.1784,-43.1034,20603333.3333,None,0.34,No,Yes,No
FMETF,108.60,109.00,108.00,109.20,108.78,18320,1990000,1900000000,108.00,126,0,Exchange-Traded Fund,None,117.50,-24.11 (-30.75%),1.22,65.50,-4.48,-55.43%,-,-,106.65,109.25,UPTREND,103.05,113.10,UPTREND,0.56%,0.56%,0.56%,108.17,BULLISH,103.05,BULLISH,96.39,BULLISH,92.74,BULLISH,57.62,1.4170 1.9316,1.8279 (1.68%),36.5913,46.3426,-42.2222,23664.67,Hanging Man,0.71,No,Yes,No
APB2R,503.00,499.20,499.20,503.00,502.29,3850,1930000,15090000000,515.50,7,0,None,None,530.00,0.00 (0.00%),0.00,480.00,0.00,0.00%,-,-,495.00,522.00,UPTREND,482.50,530.00,SIDEWAYS,-2.42%,-2.42%,-2.42%,506.63,BEARISH,510.81,BEARISH,509.10,BEARISH,504.21,BEARISH,46.82,0.0203 -0.1444,8.7204 (1.73%),-76.5948,0.0000,-70.3704,23396.00,White Marubozu,0.14,No,Buy in Tranches,Buy in tranches
DMW,7.60,7.60,7.45,7.60,7.52,226200,1700000,25810000000,7.60,64,0,Property,Property,9.78,0.78 (11.43%),1.21,5.05,9.74,13.50%,-,-,7.34,7.69,UPTREND,5.93,8.36,UPTREND,0.00%,0.00%,0.00%,7.18,BULLISH,6.19,BULLISH,5.97,BULLISH,6.35,BULLISH,63.88,0.4736 0.5061,0.3220 (4.24%),41.5825,59.9095,-45.5026,573853.33,Dragonfly Doji,0.41,No,Yes,No
UBP,71.95,71.90,71.00,72.00,71.83,23840,1710000,87670000000,71.90,83,0,Financial,Banks,72.00,11.43 (50.00%),0.86,49.00,6.29,12.96%,-,-,68.75,71.98,UPTREND,65.15,71.98,UPTREND,0.07%,0.07%,0.07%,68.68,BULLISH,62.80,BULLISH,58.37,BULLISH,56.21,BULLISH,76.03,2.4289 2.4496,1.2430 (1.73%),104.5885,98.2682,-0.8475,55644.67,Hammer,0.42,No,Yes,No
AB,8.13,7.90,7.65,8.20,7.83,198100,1550000,20690000000,7.99,89,0,Mining And Oil,Mining,17.20,0.00 (100.00%),37.14,6.66,0.00,-0.76%,-,-,7.82,8.59,DOWNTREND,6.95,10.44,DOWNTREND,1.75%,1.75%,1.75%,8.86,BEARISH,9.43,BEARISH,8.70,BEARISH,9.49,BEARISH,36.61,-0.3189 -0.1986,0.6214 (7.64%),-125.6111,7.9107,-85.1393,488473.33,None,0.33,No,No,Buy in tranches,Reversal soon
MFC,800.00,800.00,800.00,800.00,800.00,2000,1600000,1550000000000,820.00,11,0,Financial,Other Financial Institutions,880.00,95.6133 (7.76%),0.87,600.00,8.37,10.35%,-,-,788.00,820.00,UPTREND,730.50,858.00,UPTREND,-2.44%,-2.44%,-2.44%,790.95,BULLISH,763.82,BULLISH,721.28,BULLISH,757.06,BULLISH,55.21,13.0193 13.0700,15.4550 (1.93%),35.6411,79.1667,-62.5000,770.67,White Marubozu,2.08,Yes,Yes,Reversal soon
ALCO,0.63,0.65,0.62,0.66,0.63,2440000,1530000,3350000000,0.65,100,0,Property,Property,0.90,0.24 (60.00%),0.66,0.40,2.71,12.43%,-,-,0.62,0.68,SIDEWAYS,0.57,0.74,UPTREND,-3.08%,-3.08%,-3.08%,0.69,BEARISH,0.64,BEARISH,0.59,BULLISH,0.57,BULLISH,41.20,0.0023 0.0152,0.0355 (5.64%),-104.5045,12.8205,-92.3077,2335133.33,None,0.96,No,Yes,No
ABG,9.86,10.38,9.70,10.44,9.95,145700,1450000,2960000000,10.38,69,0,Holding Firms,Holding Firms,12.52,-0.01 (0.00%),11.80,5.05,-1038.00,-0.78%,-,-,9.44,10.74,UPTREND,8.32,11.88,UPTREND,-5.01%,-5.01%,-5.01%,9.18,BULLISH,8.67,BULLISH,8.25,BULLISH,8.02,BULLISH,58.93,0.3956 0.2766,0.6312 (6.40%),106.8896,72.0819,-40.4332,135513.33,Black Long Day,0.92,No,Yes,No
MAH,1.93,1.87,1.84,1.93,1.88,718000,1350000,354490000,1.87,98,0,Service,Transporation Services,3.30,0.05 (400.00%),4.07,0.89,37.40,15.20%,-,-,1.84,2.04,DOWNTREND,1.66,2.30,UPTREND,3.21%,3.21%,3.21%,2.11,BEARISH,2.04,BEARISH,1.90,BULLISH,2.01,BEARISH,39.06,-0.0301 0.0080,0.1148 (5.95%),-168.9721,16.1336,-75.9259,1300200.00,White Long Day,0.49,No,Yes,Reversal soon
BHI,0.0390,0.04,0.0380,0.04,0.0390,34400000,1340000,468000000,0.0390,72,0,Service,Hotel & Leisure,0.0610,0.00 (0.00%),0.29,0.0230,0.00,-2.73%,-,-,0.0380,0.0415,UPTREND,0.0330,0.0480,UPTREND,0.00%,0.00%,0.00%,0.0398,BEARISH,0.0331,BULLISH,0.0310,BULLISH,0.0292,BULLISH,52.65,0.0020 0.0028,0.0031 (7.93%),-14.1007,35.4167,-62.5000,261166666.6667,None,0.11,No,Yes,No
LIHC,0.80,0.83,0.78,0.83,0.79,1550000,1230000,2400000000,0.83,48,0,Holding Firms,Holding Firms,0.94,0.00 (0.00%),10.38,0.37,0.00,-0.23%,-,-,0.79,0.88,UPTREND,0.76,0.92,UPTREND,-3.61%,-3.61%,-3.61%,0.84,BEARISH,0.79,BULLISH,0.70,BULLISH,0.61,BULLISH,43.69,0.0108 0.0207,0.0507 (6.34%),-91.2846,19.7222,-87.5000,2045333.33,None,0.62,No,Yes,No
CPM,2.91,2.95,2.83,2.95,2.91,416000,1210000,8210000000,2.94,51,0,Mining And Oil,Mining,3.26,-0.03 (0.00%),3.31,2.26,-98.33,-4.85%,-,-,2.48,2.96,UPTREND,2.30,3.10,SIDEWAYS,-1.02%,-1.02%,-1.02%,2.53,BULLISH,2.52,BULLISH,2.58,BULLISH,2.66,BULLISH,73.53,0.0787 0.0277,0.1093 (3.76%),254.4587,94.5274,-10.4478,910266.67,Hanging Man,0.39,No,No,Buy in tranches
I,1.61,1.67,1.52,1.67,1.61,733000,1180000,984740000,1.68,85,0,Financial,Other Financial Institutions,2.45,-0.08 (-300.00%),0.80,0.83,-20.88,-11.18%,-,-,1.56,1.91,UPTREND,1.29,2.42,UPTREND,-4.17%,-4.17%,-4.17%,1.57,BULLISH,1.34,BULLISH,1.21,BULLISH,1.14,BULLISH,52.21,0.1356 0.1385,0.1741 (10.82%),7.8572,34.7701,-72.4138,2167866.67,Hanging Man,0.27,No,Yes,No
DELM,7.26,7.20,7.20,7.40,7.26,158800,1150000,14110000000,7.21,50,0,Industrial,Food Beverage & Tobacco,8.50,0.87 (139.91%),0.70,2.50,8.29,4.55%,-,-,7.20,7.93,UPTREND,5.68,8.30,UPTREND,0.69%,0.69%,0.69%,7.03,BULLISH,5.87,BULLISH,5.38,BULLISH,4.67,BULLISH,60.02,0.5387 0.6042,0.3210 (4.42%),23.4838,52.0997,-52.1008,384840.00,Inverted Hammer,0.35,No,Yes,No
HI,4.00,4.02,4.00,4.15,4.01,275000,1100000,3110000000,4.02,13,0,Holding Firms,Holding Firms,6.24,-0.19 (-116.81%),0.14,2.77,-21.16,-1.93%,-,-,3.97,4.22,UPTREND,3.64,4.56,UPTREND,-0.50%,-0.50%,-0.50%,4.16,BEARISH,3.76,BULLISH,3.45,BULLISH,3.80,BULLISH,48.61,0.0911 0.1524,0.1463 (3.66%),-61.5688,0.0000,-91.3043,80600.00,Shooting Star,2.99,Yes,Yes,Reversal soon
NRCP,0.72,0.63,0.60,0.75,0.66,1510000,1000000,1530000000,0.67,132,0,Financial,Other Financial Institutions,0.91,-0.02 (-116.67%),0.24,0.52,-31.50,3.28%,-,-,0.64,0.74,UPTREND,0.62,0.78,UPTREND,7.46%,7.46%,7.46%,0.70,BULLISH,0.64,BULLISH,0.63,BULLISH,0.64,BULLISH,56.56,0.0184 0.0227,0.0540 (7.49%),3.1898,42.5804,-36.8421,888666.67,None,1.4,No,Yes,Reversal soon
DAVIN,5.11,5.11,5.08,5.15,5.11,196500,1000000,5750000000,5.28,51,0,Industrial,Construction Infra. & Allied Services,6.64,0.00 (0.00%),511.00,3.10,0.00,-4.97%,-,-,5.08,6.34,UPTREND,4.52,6.54,UPTREND,-3.22%,-3.22%,-3.22%,5.26,BEARISH,4.94,BULLISH,4.43,BULLISH,5.00,BULLISH,48.22,0.1325 0.1575,0.3204 (6.27%),-50.3531,16.4634,-93.2927,295573.33,Doji,0.55,No,Yes,Reversal soon
BC,3.20,3.10,3.10,3.28,3.17,308000,975060,1190000000,3.10,48,0,Mining And Oil,Mining,3.50,0.06 (-76.00%),0.49,0.70,51.67,-2.00%,-,-,3.06,3.24,SIDEWAYS,2.79,3.44,SIDEWAYS,3.23%,3.23%,3.23%,3.14,BULLISH,3.07,BULLISH,2.80,BULLISH,2.01,BULLISH,60.77,0.0146 0.0210,0.1183 (3.70%),266.8793,54.8889,-32.0000,111666.67,None,2.4,Yes,Yes,No
CYBR,0.3550,0.33,0.3250,0.3550,0.3438,2740000,942000,2420000000,0.33,46,0,Property,Property,0.45,0.00 (0.00%),-0.44,0.21,0.00,0.09%,-,-,0.3275,0.3850,UPTREND,0.2900,0.4200,DOWNTREND,7.58%,7.58%,7.58%,0.3588,BEARISH,0.3737,BEARISH,0.3235,BULLISH,0.3149,BULLISH,47.33,-0.0029 -0.0003,0.0212 (5.97%),-56.3916,19.6079,-64.7059,15216666.6667,White Long Day,0.21,No,No,No
FERRO,3.94,3.90,3.90,4.00,3.93,245000,963950,1030000000,4.08,77,0,Financial,Other Financial Institutions,6.25,0.00 (-100.00%),0.00,2.30,0.00,-1.22%,-,-,3.92,4.30,UPTREND,3.70,5.68,UPTREND,-3.43%,-3.43%,-3.43%,4.24,BEARISH,3.87,BULLISH,3.35,BULLISH,3.16,BULLISH,45.38,0.0914 0.1760,0.3353 (8.51%),-53.8443,13.7484,-89.8833,1848720.00,None,0.11,No,Yes,No
ACPB1,515.00,520.00,515.00,520.00,515.41,1830,943200,10300000000,520.00,2,0,None,None,520.00,0.00 (0.00%),0.00,491.00,0.00,0.00%,-,-,514.00,520.00,SIDEWAYS,498.20,520.00,SIDEWAYS,-0.96%,-0.96%,-0.96%,514.65,BULLISH,514.14,BULLISH,512.85,BULLISH,507.23,BULLISH,51.25,0.7775 0.5415,1.5938 (0.31%),119.8613,79.1667,-62.5000,1092.67,Black Marubozu,1.39,No,Yes,Reversal soon
RCB,18.68,18.94,18.68,18.98,18.86,49400,931760,36160000000,18.88,39,0,Financial,Banks,23.45,2.46 (-15.46%),0.43,14.00,7.70,4.92%,-,-,18.43,19.24,SIDEWAYS,17.35,21.28,UPTREND,-1.06%,-1.06%,-1.06%,19.05,BEARISH,18.21,BULLISH,17.29,BULLISH,17.27,BULLISH,47.16,0.2013 0.3177,0.3597 (1.93%),-93.7430,13.9535,-100.0000,82320.00,Black Long Day,0.6,No,Yes,No
ELI,0.3150,0.31,0.3050,0.32,0.3115,2860000,890900,4620000000,0.3150,47,0,Property,Property,0.43,0.04 (33.33%),0.18,0.2050,7.75,1.50%,-,-,0.3100,0.3400,SIDEWAYS,0.2900,0.3600,UPTREND,0.00%,0.00%,0.00%,0.3300,BEARISH,0.3092,BULLISH,0.2865,BULLISH,0.2949,BULLISH,44.42,0.0029 0.0072,0.0144 (4.58%),-141.8440,0.0000,-80.0000,5920666.6667,None,0.5,No,Yes,No
OV,0.0120,0.0110,0.01,0.0120,0.0110,73800000,812400,2300000000,0.0110,25,0,Mining And Oil,Oil,0.0120,0.00 (0.00%),1.10,0.0060,0.00,-2.64%,-,-,0.0105,0.0125,UPTREND,0.0082,0.0130,UPTREND,9.09%,9.09%,9.09%,0.0101,BULLISH,0.0092,BULLISH,0.0091,BULLISH,0.0088,BULLISH,66.77,0.0007 0.0007,0.0008 (6.61%),76.2643,82.2191,0.0000,162606666.6667,None,0.41,No,Yes,No
SEVN,120.00,119.90,117.30,120.00,119.16,6760,805500,90770000000,119.80,53,0,Service,Retail,158.00,0.22 (-88.83%),12.55,106.00,545.00,5.99%,-,-,117.00,121.75,UPTREND,106.00,125.50,SIDEWAYS,0.17%,0.17%,0.17%,115.75,BULLISH,113.03,BULLISH,116.62,BULLISH,124.11,BEARISH,60.70,2.5676 2.3630,3.3676 (2.81%),43.4305,60.8984,-39.3258,38124.67,Hammer,0.15,No,No,Buy in tranches
LR,1.88,1.94,1.86,1.94,1.89,426000,803190,4540000000,1.92,46,0,Service,Casinos & Gaming,3.10,-0.30 (-400.00%),0.44,1.02,-6.47,-9.58%,-,-,1.87,2.05,UPTREND,1.64,2.14,UPTREND,-2.08%,-2.08%,-2.08%,1.95,BEARISH,1.74,BULLISH,1.51,BULLISH,1.48,BULLISH,49.03,0.0598 0.0886,0.0932 (4.96%),-49.3441,18.7500,-87.5000,1025800.00,Black Long Day,0.35,No,Yes,No
